{"cameraMode":{"drawMode":0,"name":"Shaded","section":"Shading Mode"},"sceneLighting":false,"audioPlay":false,"sceneViewState":{"showFog":true,"showMaterialUpdate":true,"showSkybox":false,"showFlares":true,"showImageEffects":true,"showParticleSystems":true},"in2DMode":false,"pivot":{"x":201.96173095703126,"y":4.1308488845825199,"z":-4.157011985778809},"rotation":{"x":0.029994074255228044,"y":-0.009893628768622876,"z":0.0002969079068861902,"w":0.99950110912323},"size":2.783353090286255,"orthographic":false}