{"cameraMode":{"drawMode":0,"name":"Shaded","section":"Shading Mode"},"sceneLighting":false,"audioPlay":false,"sceneViewState":{"showFog":true,"showMaterialUpdate":true,"showSkybox":false,"showFlares":true,"showImageEffects":true,"showParticleSystems":true},"in2DMode":false,"pivot":{"x":-0.030815094709396364,"y":-0.3737882375717163,"z":-0.07409284263849259},"rotation":{"x":-0.1486939638853073,"y":0.2865684926509857,"z":-0.04507296159863472,"w":-0.9453766942024231},"size":2.227668285369873,"orthographic":false}