{"cameraMode":{"drawMode":0,"name":"Shaded","section":"Shading Mode"},"sceneLighting":false,"audioPlay":false,"sceneViewState":{"showFog":true,"showMaterialUpdate":true,"showSkybox":false,"showFlares":true,"showImageEffects":true,"showParticleSystems":true},"in2DMode":false,"pivot":{"x":0.15391945838928224,"y":-3.3183536529541017,"z":-13.54957103729248},"rotation":{"x":0.04504038393497467,"y":-0.9350646734237671,"z":0.3271961510181427,"w":0.1287173181772232},"size":45.819583892822269,"orthographic":false}