{"cameraMode":{"drawMode":0,"name":"Shaded","section":"Shading Mode"},"sceneLighting":true,"audioPlay":false,"sceneViewState":{"showFog":false,"showMaterialUpdate":false,"showSkybox":false,"showFlares":false,"showImageEffects":false,"showParticleSystems":false},"in2DMode":false,"pivot":{"x":-230.46632385253907,"y":3.57806396484375,"z":-0.015501022338867188},"rotation":{"x":0.010474701412022114,"y":-0.06535042822360993,"z":-0.0006853056256659329,"w":-0.9978071451187134},"size":29.807462692260743,"orthographic":false}