{"cameraMode":{"drawMode":0,"name":"Shaded","section":"Shading Mode"},"sceneLighting":false,"audioPlay":false,"sceneViewState":{"showFog":true,"showMaterialUpdate":true,"showSkybox":false,"showFlares":true,"showImageEffects":true,"showParticleSystems":true},"in2DMode":false,"pivot":{"x":2.37237811088562,"y":-4.1545186042785648,"z":0.0},"rotation":{"x":0.1370297372341156,"y":-0.29387935996055605,"z":0.04261362925171852,"w":0.9450089335441589},"size":1.1783357858657838,"orthographic":true}